-- MySQL dump 10.13  Distrib 8.0.33, for Win64 (x86_64)
--
-- Host: localhost    Database: pjt0509
-- ------------------------------------------------------
-- Server version	8.0.33

/*!40101 SET @OLD_CHARACTER_SET_CLIENT=@@CHARACTER_SET_CLIENT */;
/*!40101 SET @OLD_CHARACTER_SET_RESULTS=@@CHARACTER_SET_RESULTS */;
/*!40101 SET @OLD_COLLATION_CONNECTION=@@COLLATION_CONNECTION */;
/*!50503 SET NAMES utf8 */;
/*!40103 SET @OLD_TIME_ZONE=@@TIME_ZONE */;
/*!40103 SET TIME_ZONE='+00:00' */;
/*!40014 SET @OLD_UNIQUE_CHECKS=@@UNIQUE_CHECKS, UNIQUE_CHECKS=0 */;
/*!40014 SET @OLD_FOREIGN_KEY_CHECKS=@@FOREIGN_KEY_CHECKS, FOREIGN_KEY_CHECKS=0 */;
/*!40101 SET @OLD_SQL_MODE=@@SQL_MODE, SQL_MODE='NO_AUTO_VALUE_ON_ZERO' */;
/*!40111 SET @OLD_SQL_NOTES=@@SQL_NOTES, SQL_NOTES=0 */;

--
-- Table structure for table `board`
--

DROP TABLE IF EXISTS `board`;
/*!40101 SET @saved_cs_client     = @@character_set_client */;
/*!50503 SET character_set_client = utf8mb4 */;
CREATE TABLE `board` (
  `id` int NOT NULL AUTO_INCREMENT,
  `user_id` varchar(200) NOT NULL,
  `date` timestamp NOT NULL,
  `startdate` date NOT NULL,
  `enddate` date NOT NULL,
  PRIMARY KEY (`id`),
  KEY `user_id` (`user_id`),
  CONSTRAINT `board_ibfk_1` FOREIGN KEY (`user_id`) REFERENCES `user` (`id`)
) ENGINE=InnoDB AUTO_INCREMENT=14 DEFAULT CHARSET=utf8mb4 COLLATE=utf8mb4_0900_ai_ci;
/*!40101 SET character_set_client = @saved_cs_client */;

--
-- Dumping data for table `board`
--

LOCK TABLES `board` WRITE;
/*!40000 ALTER TABLE `board` DISABLE KEYS */;
INSERT INTO `board` VALUES (7,'admin','2024-05-22 11:31:21','2024-04-29','2024-05-03'),(8,'admin','2024-05-22 11:31:21','2024-05-06','2024-05-10'),(9,'admin','2024-05-22 11:31:21','2024-05-13','2024-05-17'),(10,'admin','2024-05-22 11:31:21','2024-05-20','2024-05-24'),(11,'admin','2024-05-22 11:32:52','2024-05-27','2024-05-31');
/*!40000 ALTER TABLE `board` ENABLE KEYS */;
UNLOCK TABLES;

--
-- Table structure for table `comment`
--

DROP TABLE IF EXISTS `comment`;
/*!40101 SET @saved_cs_client     = @@character_set_client */;
/*!50503 SET character_set_client = utf8mb4 */;
CREATE TABLE `comment` (
  `id` int NOT NULL AUTO_INCREMENT,
  `user_id` varchar(200) NOT NULL,
  `menu` int NOT NULL,
  `content` varchar(300) DEFAULT NULL,
  `rate` int NOT NULL,
  `date` timestamp NULL DEFAULT NULL,
  PRIMARY KEY (`id`),
  KEY `user_id` (`user_id`),
  KEY `menu` (`menu`),
  CONSTRAINT `comment_ibfk_1` FOREIGN KEY (`user_id`) REFERENCES `user` (`id`),
  CONSTRAINT `comment_ibfk_2` FOREIGN KEY (`menu`) REFERENCES `menu` (`id`)
) ENGINE=InnoDB AUTO_INCREMENT=86 DEFAULT CHARSET=utf8mb4 COLLATE=utf8mb4_0900_ai_ci;
/*!40101 SET character_set_client = @saved_cs_client */;

--
-- Dumping data for table `comment`
--

LOCK TABLES `comment` WRITE;
/*!40000 ALTER TABLE `comment` DISABLE KEYS */;
INSERT INTO `comment` VALUES (19,'123',76,'이',2,'2024-05-20 05:02:59'),(20,'123',77,'이주',3,'2024-05-20 05:03:04'),(21,'123',77,'이주영',5,'2024-05-20 05:03:11'),(22,'123',99,'이주영바',1,'2024-05-20 05:03:17'),(23,'123',100,'이주영바보',4,'2024-05-20 05:03:23'),(24,'123',100,'이주영바보메',4,'2024-05-20 05:03:31'),(25,'123',83,'이주영바보메롱',1,'2024-05-20 05:03:35'),(26,'123',83,'이주영바보메롱1',1,'2024-05-20 05:03:38'),(27,'123',83,'이주영바보메롱12',1,'2024-05-20 05:03:39'),(28,'123',83,'이주영바보메롱123',1,'2024-05-20 05:03:40'),(29,'123',83,'이주영바보메롱1234',1,'2024-05-20 05:03:59'),(30,'123',83,'이주영바보메롱12345',4,'2024-05-20 05:04:02'),(31,'123',83,'이주영바보메롱123456',5,'2024-05-20 05:04:04'),(32,'123',83,'이주영바보메롱1234567',2,'2024-05-20 05:04:06'),(33,'admin',77,'맛있다',5,'2024-05-22 11:16:28'),(34,'123',88,'',3,'2024-05-22 11:33:35'),(35,'123',88,'test',3,'2024-05-22 11:33:38'),(36,'123',88,'test2',3,'2024-05-22 11:33:40'),(37,'123',88,'test22',3,'2024-05-22 11:33:42'),(38,'123',88,'test222',3,'2024-05-22 11:33:43'),(39,'123',88,'test2222',3,'2024-05-22 11:33:44'),(40,'123',88,'test22222',3,'2024-05-22 11:33:45'),(41,'123',92,'test',3,'2024-05-22 11:45:15'),(42,'123',93,'test1',3,'2024-05-22 11:45:18'),(43,'123',94,'test2',3,'2024-05-22 11:45:21'),(44,'123',92,'test3',3,'2024-05-22 11:45:26'),(45,'123',92,'test4',3,'2024-05-22 11:45:28'),(46,'123',92,'test5',3,'2024-05-22 11:45:30'),(47,'123',93,'test6',3,'2024-05-22 11:45:33'),(48,'pink',92,'test',3,'2024-05-22 11:50:56'),(49,'pink',92,'test1',3,'2024-05-22 11:50:58'),(50,'pink',92,'test2',3,'2024-05-22 11:51:00'),(51,'pink',92,'test12',3,'2024-05-22 11:51:02'),(52,'pink',92,'test123',3,'2024-05-22 11:51:03'),(53,'pink',92,'test1234',3,'2024-05-22 11:51:05'),(54,'pink',92,'test12345',3,'2024-05-22 11:51:06'),(55,'pink',92,'test123456',3,'2024-05-22 11:51:07'),(56,'pink',92,'test1234567',3,'2024-05-22 11:51:08'),(57,'pink',92,'test12345678',3,'2024-05-22 11:51:09'),(58,'pink',92,'test123456789',3,'2024-05-22 11:51:10'),(59,'pink',92,'test123456789222',3,'2024-05-22 11:51:12'),(60,'pink',92,'test12345678922223',3,'2024-05-22 11:51:13'),(61,'pink',92,'345245',3,'2024-05-22 11:51:15'),(62,'pink',92,'324234345245',3,'2024-05-22 11:51:17'),(63,'pink',92,'324234345245',3,'2024-05-22 11:51:17'),(64,'pink',92,'324234345245',3,'2024-05-22 11:51:17'),(65,'pink',92,'324234345245',3,'2024-05-22 11:51:18'),(66,'pink',92,'324234345245',3,'2024-05-22 11:51:18'),(67,'pink',92,'324234345245',3,'2024-05-22 11:51:18'),(68,'pink',92,'324234345245',3,'2024-05-22 11:51:18'),(69,'pink',92,'test',3,'2024-05-22 11:55:02'),(70,'pink',92,'testtest',5,'2024-05-22 12:03:13'),(71,'pink',93,'testest',5,'2024-05-22 12:03:19'),(73,'pink',94,'히히',2,'2024-05-23 01:27:13'),(74,'pink',88,'22일 피드백입니다 제발요',2,'2024-05-23 05:16:16'),(75,'admin2',91,'어드민 피드백',4,'2024-05-23 08:15:00'),(76,'hyedokal',96,'안먹어봐도 별5개인거 앎',5,'2024-05-24 03:21:09'),(77,'psv6269',96,'날치알밥 맛집',5,'2024-05-24 03:21:39'),(78,'testchulmin',96,'맛있을 것 같음!!',5,'2024-05-24 03:21:42'),(79,'salryeojuso',100,'좋아요',5,'2024-05-24 03:21:44'),(80,'dlguswn',97,'좋아요!',5,'2024-05-24 03:22:24'),(81,'admin123',99,'후기닷',5,'2024-05-24 03:22:51'),(82,'내녀ㅗ97',97,'.',4,'2024-05-24 03:22:59'),(83,'psv6269',91,'박창빈 바보',5,'2024-05-24 03:23:21'),(84,'hyedokal',86,'나 서경덕인데 이제 마주치지말자',5,'2024-05-24 03:24:33'),(85,'pink',83,'오늘 정말맛있었어여!!!!',3,'2024-05-24 03:25:55');
/*!40000 ALTER TABLE `comment` ENABLE KEYS */;
UNLOCK TABLES;

--
-- Table structure for table `menu`
--

DROP TABLE IF EXISTS `menu`;
/*!40101 SET @saved_cs_client     = @@character_set_client */;
/*!50503 SET character_set_client = utf8mb4 */;
CREATE TABLE `menu` (
  `id` int NOT NULL AUTO_INCREMENT,
  `type` int NOT NULL,
  `content` varchar(200) NOT NULL DEFAULT '미운영',
  `status` int NOT NULL,
  `date` date NOT NULL,
  PRIMARY KEY (`id`)
) ENGINE=InnoDB AUTO_INCREMENT=277 DEFAULT CHARSET=utf8mb4 COLLATE=utf8mb4_0900_ai_ci;
/*!40101 SET character_set_client = @saved_cs_client */;

--
-- Dumping data for table `menu`
--

LOCK TABLES `menu` WRITE;
/*!40000 ALTER TABLE `menu` DISABLE KEYS */;
INSERT INTO `menu` VALUES (1,0,'1주 월요일 한식',0,'2024-04-29'),(2,1,'1주 월요일 일품',0,'2024-04-29'),(3,2,'1주 월요일 도시락',0,'2024-04-29'),(4,3,'1주 월요일 샌샐',0,'2024-04-29'),(5,4,'1주 월요일 샐러드',0,'2024-04-29'),(6,0,'1주 화요일 한식',0,'2024-04-30'),(7,1,'1주 화요일 일품',0,'2024-04-30'),(8,2,'1주 화요일 도시락',0,'2024-04-30'),(9,3,'1주 화요일 샌샐',0,'2024-04-30'),(10,4,'1주 화요일 샐러드',0,'2024-04-30'),(11,0,'1주 수요일 한식',0,'2024-05-01'),(12,1,'1주 수요일 일품',0,'2024-05-01'),(13,2,'1주 수요일 도시락',0,'2024-05-01'),(14,3,'1주 수요일 샌샐',0,'2024-05-01'),(15,4,'1주 수요일 샐러드',0,'2024-05-01'),(16,0,'1주 목요일 한식',0,'2024-05-02'),(17,1,'1주 목요일 일품',0,'2024-05-02'),(18,2,'1주 목요일 도시락',0,'2024-05-02'),(19,3,'1주 목요일 샌샐',0,'2024-05-02'),(20,4,'1주 목요일 샐러드',0,'2024-05-02'),(21,0,'1주 금요일 한식',0,'2024-05-03'),(22,1,'1주 금요일 일품',0,'2024-05-03'),(23,2,'1주 금요일 도시락',0,'2024-05-03'),(24,3,'1주 금요일 샌샐',0,'2024-05-03'),(25,4,'1주 금요일 샐러드',0,'2024-05-03'),(26,0,'2주 월요일 한식',0,'2024-05-06'),(27,1,'2주 월요일 일품',0,'2024-05-06'),(28,2,'2주 월요일 도시락',0,'2024-05-06'),(29,3,'2주 월요일 샌샐',0,'2024-05-06'),(30,4,'2주 월요일 샐러드',0,'2024-05-06'),(31,0,'2주 화요일 한식',0,'2024-05-07'),(32,1,'2주 화요일 일품',0,'2024-05-07'),(33,2,'2주 화요일 도시락',0,'2024-05-07'),(34,3,'2주 화요일 샌샐',0,'2024-05-07'),(35,4,'2주 화요일 샐러드',0,'2024-05-07'),(36,0,'2주 수요일 한식',0,'2024-05-08'),(37,1,'2주 수요일 일품',0,'2024-05-08'),(38,2,'2주 수요일 도시락',0,'2024-05-08'),(39,3,'2주 수요일 샌샐',0,'2024-05-08'),(40,4,'2주 수요일 샐러드',0,'2024-05-08'),(41,0,'2주 목요일 한식',0,'2024-05-09'),(42,1,'2주 목요일 일품',0,'2024-05-09'),(43,2,'2주 목요일 도시락',0,'2024-05-09'),(44,3,'2주 목요일 샌샐',0,'2024-05-09'),(45,4,'2주 목요일 샐러드',0,'2024-05-09'),(46,0,'2주 금요일 한식',0,'2024-05-10'),(47,1,'2주 금요일 일품',0,'2024-05-10'),(48,2,'2주 금요일 도시락',0,'2024-05-10'),(49,3,'2주 금요일 샌샐',0,'2024-05-10'),(50,4,'2주 금요일 샐러드',0,'2024-05-10'),(51,0,'3주 월요일 한식',0,'2024-05-13'),(52,1,'3주  월요일 일품',0,'2024-05-13'),(53,2,'3주 월요일 도시락',0,'2024-05-13'),(54,3,'3주 월요일 샌샐',0,'2024-05-13'),(55,4,'3주 월요일 샐러드',0,'2024-05-13'),(56,0,'3주 화요일 한식',0,'2024-05-14'),(57,1,'3주 화요일 일품',0,'2024-05-14'),(58,2,'3주 화요일 도시락',0,'2024-05-14'),(59,3,'3주 화요일 샌샐',0,'2024-05-14'),(60,4,'3주 화요일 샐러드',0,'2024-05-14'),(61,0,'',2,'2024-05-15'),(62,1,'',2,'2024-05-15'),(63,2,'',2,'2024-05-15'),(64,3,'',2,'2024-05-15'),(65,4,'',2,'2024-05-15'),(66,0,'대패삼겹두루치기덮밥\\n미역국\\n옥수수볼맛탕\\n계란찜\\n돌나물&초장\\n김치\\n*아이스티(레몬)*',0,'2024-05-16'),(67,1,'짬뽕(면)\\n미니현미밥\\n인절미꿔바로우\\n게맛살겨자냉채\\n짜사이채무침/김치\\n*아이스티(레몬)*',0,'2024-05-16'),(68,2,'춘천닭갈비\\n햄피망볶음\\n근대나물\\n무말랭이\\n포기김치\\n현미밥\\n아욱된장국',0,'2024-05-16'),(69,3,'에그햄치즈샌드위치\\n크래미파프리카샐러드\\n주스',1,'2024-05-16'),(70,4,'닭갈비타코샐러드\\n주스',1,'2024-05-16'),(71,0,'3주 금요일\\n 한식',0,'2024-05-17'),(73,2,'3주 금요일 도시락',2,'2024-05-17'),(74,3,'3주 금요일 샌샐',2,'2024-05-17'),(75,4,'3주 금요일 샐러드',2,'2024-05-17'),(76,0,'참치김치찌개\\n흑미밥/쌀밥\\n바베큐바조림\\n감자채피망볶음/열무된장나물\\n김구이/깍두기\\n*매실차*',0,'2024-05-20'),(77,1,'치킨마요덮밥\\n두유\\n어묵고추장볶음\\n열무된장나물\\n샐러드&드레싱\\n무말랭이무침/김치\\n*매실차*',0,'2024-05-20'),(78,2,'통마늘삼겹구이\\n잡채어묵강정\\n치커리무침\\n콩자반\\n열무김치\\n흑미밥\\n건새우무국',0,'2024-05-20'),(79,3,'햄치즈 고구마 샌드위치 & 파인애플 쉬림프 샐러드\\n주스',0,'2024-05-20'),(80,4,'불고기 메밀면 샐러드\\n주스',0,'2024-05-20'),(81,0,'사골떡국\\n현미밥/쌀밥/부추전\\n비엔나소시지케첩볶음\\n청포묵무침/콘샐러드/김치볶음\\n*콩도넛/오미자차*',0,'2024-05-21'),(82,1,'명태회비빔국수\\n멸치육수\\n후리가케양념밥\\n교자만두찜&초간장\\n콘샐러드\\n단무지/배추겉절이\\n*콩도넛/오미자차*',0,'2024-05-21'),(83,2,'닭다리살스테이크\\n생선까스\\n새송이버섯무침\\n상추겉절이\\n깍두기\\n기장밥\\n유부된장국',0,'2024-05-21'),(84,3,'떡갈비 샌드위치 & 완숙 토마토 칙피샐러드\\n주스',0,'2024-05-21'),(85,4,'쉬림프 쇼트파스타 샐러드\\n주스',0,'2024-05-21'),(86,0,'돼지간장불고기\\n수수밥/쌀밥\\n아욱된장국\\n양배추쌈&쌈장\\n숙주미나리무침\\n마늘종계맛살볶음/김치\\n*식혜*',0,'2024-05-22'),(87,1,'햄김치볶음밥&후라이\\n다시마무챗국\\n케이준치킨샐러드\\n우엉땅콩조림\\n숙주미나리무침/깍두기\\n\"식혜\"',0,'2024-05-22'),(88,2,'소고기청경채볶음\\n해물완자\\n꽈리고추멸치볶음\\n부추무침\\n포기김치\\n백미밥\\n들깨미역국',0,'2024-05-22'),(89,3,'인기가요 샌드위치 & 치킨텐더 샐러드\\n주스',0,'2024-05-22'),(90,4,'훈제오리 마늘 파스타 샐러드\\n주스',0,'2024-05-22'),(91,0,'장터국밥\\n차조밥/쌀밥\\n청파래오징어가스&탈탈S\\n청경채굴소스볶음\\n치커리들깨소스생채\\n깻잎지절임/깍두기\\n*아이스티(복숭아맛)*',0,'2024-05-23'),(92,1,'크림짬뽕\\n모닝빵&딸기잼&버터\\n미니음료\\n감자튀김(스마일감자)\\n수제피클/샐러드&드레싱\\n* 아이스티(복숭아맛)*',1,'2024-05-23'),(93,2,'대패삼겹살두루치기\\n탕수육\\n어묵볶음\\n브로콜리숙회\\n깍두기\\n백미밥\\n근대된장국',0,'2024-05-23'),(94,3,'스리라차마요 크래미 샌드위치 & 숯불 닭가슴살큐브 샐러드/주스',0,'2024-05-23'),(95,4,'닭다리살 어니언 샐러드/주스',0,'2024-05-23'),(96,0,'날치알밥\\n쇠고기뭇국\\n돼지고기김말이강정\\n멸치견과류볶음\\n샐러드&드레싱/깍두기\\n복분자차',0,'2024-05-24'),(97,1,'냉메밀국수\\n유부양념밥\\n돼지고기김말이강정\\n샐러드&드레싱\\n오복지무침\\n김치\\n*복분자차*',0,'2024-05-24'),(98,2,'안동찜닭\\n돈육잡채\\n쑥갓두부무침\\n오복지\\n포기김치\\n현미밥\\n육개장',0,'2024-05-24'),(99,3,'치킨텐더 샌드위치 & 베이컨감자무스 샐러드\\n주스',0,'2024-05-24'),(100,4,'매콤 닭갈비 보울\\n주스',0,'2024-05-24'),(101,0,'월요일 한식',0,'2024-05-27'),(102,1,'월요일 일품',0,'2024-05-27'),(103,0,'화요일 한식',0,'2024-05-28'),(104,1,'화요일 일품',0,'2024-05-28'),(105,0,'수요일 한식',0,'2024-05-29'),(106,1,'수요일 일품',0,'2024-05-29'),(107,0,'목요일 한식',0,'2024-05-30'),(108,1,'목요일 일품',0,'2024-05-30'),(109,0,'금요일 한식',0,'2024-05-31'),(110,1,'금요일 일품',0,'2024-05-31'),(111,2,'월요일 도시락',0,'2024-05-27'),(112,3,'월요일 샌샐',0,'2024-05-27'),(113,4,'월요일 샐러드',0,'2024-05-27'),(114,2,'화요일 도시락',0,'2024-05-28'),(115,3,'화요일 샌샐',0,'2024-05-28'),(116,4,'화요일 샐러드',0,'2024-05-28'),(117,2,'수요일 도시락',0,'2024-05-29'),(118,3,'수요일 샌샐',0,'2024-05-29'),(119,4,'수요일 샐러드',0,'2024-05-29'),(120,2,'목요일 도시락',0,'2024-05-30'),(121,3,'목요일 샌샐',0,'2024-05-30'),(122,4,'목요일 샐러드',0,'2024-05-30'),(123,2,'금요일 도시락',0,'2024-05-31'),(124,3,'금요일 샌샐',0,'2024-05-31'),(125,4,'금요일 샐러드',0,'2024-05-31'),(251,1,'3주 금요일 일품',0,'2024-05-17');
/*!40000 ALTER TABLE `menu` ENABLE KEYS */;
UNLOCK TABLES;

--
-- Table structure for table `user`
--

DROP TABLE IF EXISTS `user`;
/*!40101 SET @saved_cs_client     = @@character_set_client */;
/*!50503 SET character_set_client = utf8mb4 */;
CREATE TABLE `user` (
  `id` varchar(200) NOT NULL,
  `password` varchar(200) NOT NULL,
  `type` tinyint(1) NOT NULL,
  `nth` int DEFAULT NULL,
  `dept` int DEFAULT NULL,
  `name` varchar(20) DEFAULT NULL,
  `floor` int DEFAULT NULL,
  `campus` varchar(10) DEFAULT NULL,
  PRIMARY KEY (`id`)
) ENGINE=InnoDB DEFAULT CHARSET=utf8mb4 COLLATE=utf8mb4_0900_ai_ci;
/*!40101 SET character_set_client = @saved_cs_client */;

--
-- Dumping data for table `user`
--

LOCK TABLES `user` WRITE;
/*!40000 ALTER TABLE `user` DISABLE KEYS */;
INSERT INTO `user` VALUES ('1122','1122',1,NULL,NULL,'히히',NULL,'서울'),('112233','112233',0,11,13,'히히',13,'서울'),('123','ssafy11',0,11,8,'이싸피',3,'서울'),('1234','',0,11,1,'',1,''),('admin','ssafy11',1,NULL,NULL,'admin',NULL,'서울'),('admin123','admin',0,11,7,'admin',3,'서울'),('admin2','1234',1,NULL,NULL,'관리자',NULL,'서울'),('admin22','1234',1,NULL,NULL,'관리자2',NULL,'서울'),('adminbusan','ssafy11',1,NULL,NULL,NULL,NULL,'부산'),('dlguswn','1234',0,11,8,'이현주',3,'서울'),('ejrl','ejrl',0,11,8,'서경덕',3,'서울'),('hyedokal','12345678',0,11,8,'정호진',3,'서울'),('leessafy11','ssafy11',0,11,5,'이싸피',2,'서울'),('mung5079','ssafy1234*',0,11,8,'송현명',3,'서울'),('pink','pink',0,11,8,'절세미녀',3,'서울'),('pink3','pink3',1,NULL,NULL,'절세미녀관리자',NULL,'서울'),('pinky','1111',0,11,7,'핑키',5,'서울'),('psv6269','1234',0,11,8,'박세빈',3,'서울'),('qweasd','1234',0,11,8,'박수영',3,'서울'),('salryeojuso','1234',0,11,8,'이찬진',3,'서울'),('ssafy11choi','ssafy11',0,11,8,'최싸피 ',4,'서울 '),('ssafy11kim','ssafy11',0,11,8,'김싸피',5,'서울'),('ssafy11lee','ssafy11',0,11,8,'이싸피',0,'서울'),('ssafy11park','ssafy11',0,11,8,'박싸피 ',4,'서울 '),('test','test',0,11,3,'testName',8,'서울'),('testchulmin','test1234',0,11,8,'성철민',3,'서울'),('testtest','1234',1,NULL,NULL,'8반커요미',NULL,'서울'),('tprud','tprud',0,11,8,'천세경',3,'서울'),('내녀ㅗ97','sangwoo97',0,11,8,'서상우',3,'서울');
/*!40000 ALTER TABLE `user` ENABLE KEYS */;
UNLOCK TABLES;
/*!40103 SET TIME_ZONE=@OLD_TIME_ZONE */;

/*!40101 SET SQL_MODE=@OLD_SQL_MODE */;
/*!40014 SET FOREIGN_KEY_CHECKS=@OLD_FOREIGN_KEY_CHECKS */;
/*!40014 SET UNIQUE_CHECKS=@OLD_UNIQUE_CHECKS */;
/*!40101 SET CHARACTER_SET_CLIENT=@OLD_CHARACTER_SET_CLIENT */;
/*!40101 SET CHARACTER_SET_RESULTS=@OLD_CHARACTER_SET_RESULTS */;
/*!40101 SET COLLATION_CONNECTION=@OLD_COLLATION_CONNECTION */;
/*!40111 SET SQL_NOTES=@OLD_SQL_NOTES */;

-- Dump completed on 2024-05-24 14:02:25
